{"cameraMode":{"drawMode":0,"name":"Shaded","section":"Shading Mode"},"sceneLighting":true,"audioPlay":false,"sceneViewState":{"showFog":true,"showMaterialUpdate":false,"showSkybox":true,"showFlares":true,"showImageEffects":true,"showParticleSystems":true},"in2DMode":false,"pivot":{"x":27.14453125,"y":14.904296875,"z":26.1953125},"rotation":{"x":-0.23858529329299928,"y":0.0077956439927220348,"z":-0.0021929950453341009,"w":-0.9711787700653076},"size":38.450260162353519,"orthographic":true}